genome,group
Staph.beads.533,1
Path_Reg_30,1
marc.bacteremia.293.a,1
marc.bacteremia.286.a,1
marc.bacteremia.605.a,1
marc.bacteremia.288.a,1
marc.bacteremia.290.a,1
Path_Reg_52,1
Staph.bead.21,1
Staph.beads.600,1
Staph.beads.437,1
Staph.beads.454,1
s.18.SACA.4,1
s.18.SACA.2,1
s.18.SACA.1,1
marc.bacteremia.295.a,1
marc.bacteremia.324.a,1
Staph.bead.852a,1
Staph.beads.253,1
Staph.bead.194,1
Staph.bead.69,1
Staph.beads.968a,1
Staph.beads.942a,1
Staph.beads.506,1
marc.bacteremia.1190.a,1
Staph.beads.898a,1
Staph.bead.849a,1
marc.bacteremia.533.a,1
marc.bacteremia.540.a,1
marc.bacteremia.532.a,1
Staph.beads.565,1
Staph.beads.578,1
marc.bacteremia.1148.a,1
marc.bacteremia.1067.a,1
marc.bacteremia.1058.a,1
marc.bacteremia.1050.a,1
marc.bacteremia.1339.a,1
marc.bacteremia.1064.a,1
marc.bacteremia.1118.a,1
marc.bacteremia.513.a,1
marc.bacteremia.506.a,1
Staph.bead.183,1
marc.bacteremia.505.a,1
marc.bacteremia.522.a,1
Staph.bead.824a,1
Staph.bead.808a,1
Staph.beads.576,1
marc.bacteremia.1105.a,1
Staph.beads.508,1
Staph.beads.502,1
Staph.bead.40,1
Staph.bead.48,1
Staph.beads.700,1
Staph.beads.969a,1
Staph.beads.431,1
Staph.beads.430,1
Staph.beads.535,1
Path_Reg_42,1
Path_Reg_27,1
marc.bacteremia.597.a,1
marc.bacteremia.613.a,1
Staph.bead.172,1
Path_Reg_49,1
marc.bacteremia.389.a,1
Staph.beads.258,1
marc.bacteremia.391.a,1
marc.bacteremia.379.a,1
marc.bacteremia.396.a,1
Staph.beads.735,1
Staph.beads.653,1
Staph.beads.715,1
Staph.beads.629,1
Staph.bead.94,1
Staph.beads.701,1
Staph.beads.296,1
Staph.beads.294,1
Staph.beads.374,1
Sta.aur.bead.2,1
Staph.beads.318,1
Path_Reg_54,1
Staph.bead.127,1
Staph.bead.136,1
Staph.bead.771a,1
marc.bacteremia.397.a,1
marc.bacteremia.399.a,1
marc.bacteremia.407.a,1
marc.bacteremia.411.a,1
Staph.beads.572,1
Staph.beads.592,1
Staph.beads.501,1
Staph.beads.445,1
marc.bacteremia.1144.a,1
marc.bacteremia.1321.a,1
marc.bacteremia.519.a,1
Staph.bead.157,1
marc.bacteremia.1020.a,1
marc.bacteremia.1026.a,1
Staph.beads.714,1
Staph.beads.492,1
Staph.beads.491,1
Staph.bead.225,1
Staph.bead.224,1
Staph.beads.261,1
Staph.bead.201,1
Staph.beads.260,1
Staph.beads.315,1
Staph.beads.314,1
Staph.beads.350,1
Path_Reg_34,1
Staph.beads.561,1
Staph.beads.554,1
Staph.beads.662,1
Staph.beads.651,1
Sta.aur.bead.52,1
Sta.aur.bead.51,1
Staph.beads.410,1
Staph.bead.746a,1
Staph.beads.976a,1
Staph.beads.660,1
Staph.bead.809a,1
marc.bacteremia.1910.a,1
marc.bacteremia.1903.a,1
marc.bacteremia.1888.a,1
marc.bacteremia.1891.a,1
marc.bacteremia.1892.a,1
marc.bacteremia.1909.a,1
marc.bacteremia.1895.a,1
marc.bacteremia.1884.a,1
marc.bacteremia.1874.a,1
marc.bacteremia.1896.a,1
marc.bacteremia.1775.a,1
marc.bacteremia.1770.a,1
marc.bacteremia.1780.a,1
Staph.beads.912a,1
marc.bacteremia.725.a,1
marc.bacteremia.718.a,1
marc.bacteremia.721.a,1
Path_Reg_46,1
Staph.beads.590,2
Staph.beads.958a,2
Staph.beads.427,2
Staph.bead.794a,2
Staph.beads.634,2
Staph.beads.721,2
Staph.beads.879a,2
Staph.beads.475,2
Staph.beads.539,2
Staph.bead.838a,2
Staph.bead.826a,2
Staph.beads.525,2
Staph.beads.736,2
Staph.bead.827a,2
Staph.beads.589,2
Staph.bead.89,2
marc.bacteremia.1007.a,2
Staph.beads.928a,2
Staph.beads.931a,2
Staph.bead.93,2
Staph.bead.214,2
Staph.beads.384,2
Staph.bead.111,2
Staph.beads.609,2
Staph.bead.240,2
Staph.bead.783a,2
Staph.beads.729,2
Staph.beads.548,2
Staph.beads.614,2
Staph.bead.791a,2
Staph.bead.792a,2
Staph.beads.512,2
Staph.beads.657,2
Staph.bead.780a,2
Staph.bead.768a,2
Staph.beads.353,2
marc.bacteremia.460.a,2
Sta.aur.bead.60,2
marc.bacteremia.708.a,2
Staph.beads.702,2
Staph.beads.432,2
Staph.beads.471,2
Staph.beads.459,2
Staph.beads.577,2
Path_Reg_55,2
Staph.beads.899a,2
Staph.beads.521,2
Staph.beads.469,2
Path_Reg_22,2
marc.bacteremia.2068,2
marc.bacteremia.2072,2
Staph.beads.543,2
Staph.beads.264,2
Staph.beads.677,2
Staph.bead.15,2
Staph.beads.696,2
Staph.beads.466,2
Staph.beads.393,2
Staph.beads.909a,2
Staph.beads.478,2
Staph.beads.596,2
Staph.beads.574,2
Staph.beads.616,2
marc.bacteremia.876.a,2
marc.bacteremia.1971.a,2
Staph.beads.978a,2
Staph.beads.377,2
Staph.beads.369,2
Staph.beads.409,2
Staph.beads.379,2
Staph.bead.210,2
Staph.beads.498,2
Staph.beads.380,2
Staph.beads.499,2
Staph.beads.419,2
marc.bacteremia.2081,2
marc.bacteremia.2083,2
marc.bacteremia.2103,2
marc.bacteremia.2078,2
marc.bacteremia.2080,2
marc.bacteremia.2079,2
Staph.beads.915a,2
Staph.beads.586,2
Staph.beads.587,2
Staph.beads.417,2
Staph.beads.336,2
Staph.beads.416,2
Staph.beads.368,2
Staph.beads.408,2
Staph.bead.801a,2
Staph.beads.685,2
Staph.beads.865a,2
Staph.beads.934a,2
Staph.bead.813a,2
Staph.beads.467,2
marc.bacteremia.1742.a,2
marc.bacteremia.1745.a,2
marc.bacteremia.1740.a,2
s.137.SACA.pink.1,2
Staph.beads.522,2
Staph.beads.584,2
marc.bacteremia.2092,2
marc.bacteremia.2071,2
Staph.beads.290,2
Staph.beads.716,2
Staph.beads.643,2
Staph.beads.725,2
Path_Reg_31,2
Staph.beads.728,2
Staph.bead.125,2
Staph.bead.184,2
Staph.beads.429,2
Staph.bead.38,2
Staph.bead.46,2
Staph.bead.784a,2
Staph.bead.810a,2
Staph.bead.744a,2
Staph.beads.536,2
Staph.bead.846a,2
Staph.beads.620,2
Staph.beads.673,2
Staph.beads.667,2
Staph.beads.485,2
marc.bacteremia.1857.a,2
marc.bacteremia.1859.a,2
Staph.beads.627,2
Staph.bead.752a,2
Staph.bead.742a,2
Staph.beads.440,2
Staph.beads.450,2
marc.bacteremia.226.a,2
Staph.beads.617,2
Staph.beads.500,2
Staph.beads.894a,2
Staph.beads.981a,2
Staph.bead.857a,2
Staph.beads.621,2
Staph.beads.507,2
Staph.beads.633,2
Staph.bead.802a,2
Staph.beads.591,2
Staph.bead.786a,2
Staph.bead.227,2
Staph.bead.130,2
Staph.bead.137,2
Path_Reg_48,2
Staph.bead.101,2
Staph.bead.191,2
Staph.bead.57,2
Staph.bead.196,2
Staph.bead.102,2
Staph.beads.360,2
Staph.bead.58,2
marc.bacteremia.611.a,2
marc.bacteremia.1784.a,2
marc.bacteremia.1774.a,2
marc.bacteremia.442.a,2
Staph.beads.542,2
Staph.beads.280,2
Staph.beads.619,2
Staph.beads.588,2
Staph.bead.219,2
Staph.bead.840a,2
Staph.bead.806a,2
Staph.bead.96,2
Staph.beads.385,2
marc.bacteremia.719.a,2
Staph.beads.880a,2
Staph.bead.787a,2
Staph.beads.639,2
Staph.beads.869a,2
Staph.beads.326,2
Staph.beads.891a,2
Staph.beads.644,2
Staph.beads.630,2
Staph.bead.30,2
Staph.bead.180,2
Path_Reg_73,2
Path_Reg_71,2
Staph.bead.739a,2
Staph.beads.874a,2
Sta.aur.bead.15,2
Path_Reg_80,2
Staph.bead.170,2
marc.bacteremia.720.a,2
Staph.bead.242,2
Staph.bead.195,2
Staph.bead.100,2
Staph.beads.552,2
Staph.beads.710,2
Staph.beads.733,2
Staph.beads.720,2
Staph.beads.709,2
Staph.bead.795a,2
Staph.bead.805a,2
Staph.beads.917a,2
Staph.beads.684,2
Staph.beads.683,2
Staph.beads.549,2
Staph.bead.88,2
Staph.beads.344,2
Staph.bead.228,2
marc.bacteremia.1003.a,2
Staph.beads.269,2
Staph.bead.68,2
Staph.beads.354,2
Staph.bead.236,2
Staph.bead.747a,2
Staph.beads.705,2
Staph.beads.688,2
Staph.beads.476,2
Staph.beads.556,2
marc.bacteremia.2070,2
Staph.beads.897a,2
Staph.beads.523,2
Staph.beads.289,2
Staph.bead.819a,2
Staph.beads.703,2
Staph.bead.781a,2
Staph.beads.390,2
Staph.bead.19,2
Path_Reg_44,2
Staph.beads.622,2
Staph.beads.623,2
marc.bacteremia.2075,2
marc.bacteremia.2104,2
marc.bacteremia.2090,2
Staph.beads.989a,2
Staph.beads.356,2
Staph.beads.407,2
Staph.beads.672,2
Staph.bead.844a,2
Staph.bead.767a,2
Staph.bead.143,2
Staph.bead.829a,2
Staph.beads.686,2
Staph.beads.251,2
Staph.bead.199,2
Staph.bead.73,2
Staph.bead.60,2
Staph.bead.220,2
Staph.bead.26,2
Staph.bead.28,2
Staph.bead.25,2
Staph.bead.29,2
Staph.bead.751a,2
Staph.bead.757a,2
Sta.aur.bead.44,2
Sta.aur.bead.55,2
Staph.beads.872a,2
Staph.beads.719,2
Staph.bead.745a,2
Staph.beads.463,2
Staph.beads.892a,2
Staph.beads.922a,2
Staph.bead.818a,2
Staph.bead.741a,2
Staph.beads.313,2
Staph.beads.679,2
Staph.bead.759a,2
Staph.beads.392,2
Sta.aur.bead.18,2
marc.bacteremia.337.a,2
marc.bacteremia.349.a,2
marc.bacteremia.336.a,2
Staph.beads.966a,2
Staph.beads.983a,2
Staph.beads.967a,2
Staph.bead.12,2
Sta.aur.bead.20,2
Sta.aur.bead.57,2
Staph.bead.11,2
Staph.beads.473,2
Staph.beads.371,2
Staph.beads.330,2
Staph.beads.530,2
Staph.bead.760a,2
Staph.bead.743a,2
Staph.beads.412,2
Staph.beads.405,2
Staph.beads.488,2
Staph.bead.179,2
Staph.bead.245,2
marc.bacteremia.284.a,2
Staph.bead.202,2
Staph.beads.401,2
Staph.beads.693,3
Staph.beads.666,3
Staph.beads.442,3
Staph.beads.541,4
marc.bacteremia.253.a,4
marc.bacteremia.242.a,4
marc.bacteremia.258.a,4
Staph.bead.65,4
Staph.beads.979a,4
Staph.beads.695,4
Staph.beads.631,4
Staph.beads.704,4
Staph.bead.825a,4
Staph.beads.656,4
Staph.beads.640,4
Staph.beads.718,4
Staph.bead.756a,4
Staph.beads.611,4
Staph.beads.550,4
Staph.beads.567,4
Staph.beads.551,4
Staph.beads.555,4
Staph.beads.460,4
Staph.beads.990a,4
marc.bacteremia.1316.a,4
marc.bacteremia.857.a,4
marc.bacteremia.539.a,4
marc.bacteremia.550.a,4
marc.bacteremia.1207.a,4
marc.bacteremia.1208.a,4
Staph.beads.569,4
Staph.beads.505,4
Staph.beads.730,4
Staph.bead.755a,4
Staph.beads.597,4
marc.bacteremia.254.a,4
Path_Reg_65,4
Path_Reg_60,4
Sta.aur.bead.50,4
Staph.bead.53,4
Sta.aur.bead.17,4
Path_Reg_81,4
Staph.beads.293,4
Staph.beads.254,4
Staph.bead.790a,4
Staph.beads.996a,4
Sta.aur.bead.3,4
Sta.aur.bead.23,4
Path_Reg_33,4
Staph.beads.632,4
Staph.beads.595,4
Staph.beads.655,4
Sta.aur.bead.29,4
Sta.aur.bead.65,4
Staph.bead.811a,4
Staph.beads.712,4
marc.bacteremia.649.a,4
marc.bacteremia.639.a,4
Staph.beads.918a,4
marc.bacteremia.262.a,4
Path_Reg_58,4
Staph.beads.642,4
Staph.beads.566,4
Staph.bead.178,4
Staph.beads.438,4
Staph.beads.255,4
marc.bacteremia.1025.a,4
Staph.beads.717,4
Staph.bead.812a,4
s.126.ori.yellow,4
Staph.beads.486,4
Staph.beads.387,4
Staph.beads.575,5
Staph.beads.581,5
Staph.beads.537,5
Staph.beads.400,6
marc.bacteremia.42.a,6
marc.bacteremia.2021.a,6
marc.bacteremia.2009.a,6
marc.bacteremia.2020.a,6
marc.bacteremia.2018.a,6
Staph.beads.924a,6
marc.bacteremia.1016.a,6
marc.bacteremia.1147.a,6
Staph.bead.109,6
Staph.bead.98,6
Staph.bead.107,6
marc.bacteremia.517.a,6
Staph.beads.885a,6
Staph.bead.77,6
Staph.bead.121,6
Staph.bead.118,6
marc.bacteremia.2134,6
Staph.bead.5,6
marc.bacteremia.581.a,6
Sta.aur.bead.34,6
Staph.beads.249,6
Staph.beads.338,6
marc.bacteremia.455.a,6
Staph.bead.56,6
Sta.aur.bead.33,6
Staph.bead.153,6
Sta.aur.bead.53,6
Staph.beads.540,6
Staph.beads.518,6
Staph.beads.425,6
marc.bacteremia.698.a,6
marc.bacteremia.580.a,6
marc.bacteremia.686.a,6
Staph.beads.347,6
Staph.beads.278,6
marc.bacteremia.570.a,6
Staph.bead.165,6
Staph.beads.436,6
Staph.bead.193,6
Staph.beads.441,6
Staph.beads.601,6
Staph.beads.582,6
Staph.beads.959a,6
Staph.beads.496,6
Staph.beads.487,6
Staph.beads.509,6
Staph.beads.511,6
Sta.aur.bead.9,6
Staph.beads.343,6
Staph.beads.342,6
Staph.beads.957a,6
Staph.beads.925a,6
Staph.beads.941a,6
Sta.aur.bead.61,6
Staph.beads.403,6
Staph.bead.209,6
Staph.beads.528,6
Staph.beads.534,6
Staph.beads.558,6
Staph.bead.173,6
Staph.bead.222,6
Staph.beads.691,6
Staph.bead.860a,6
Staph.beads.299,6
Staph.bead.139,6
marc.bacteremia.24.a,6
marc.bacteremia.25.a,6
marc.bacteremia.28.a,6
marc.bacteremia.21.a,6
Staph.beads.604,6
Staph.bead.70,6
Sta.aur.bead.41,6
Staph.beads.277,6
marc.bacteremia.785.a,6
Staph.beads.988a,6
Staph.beads.951a,6
Staph.beads.950a,6
Staph.beads.960a,6
Staph.beads.948a,6
Staph.beads.690,6
Staph.bead.762a,6
Staph.bead.816a,6
Staph.bead.761a,6
marc.bacteremia.446.a,6
marc.bacteremia.443.a,6
marc.bacteremia.458.a,6
marc.bacteremia.1752.a,6
Staph.beads.333,6
marc.bacteremia.1943.a,6
marc.bacteremia.1938.a,6
marc.bacteremia.1940.a,6
Staph.bead.828a,6
Staph.bead.859a,6
Staph.bead.854a,6
marc.bacteremia.789.a,6
marc.bacteremia.796.a,6
Staph.beads.877a,6
Staph.beads.993a,6
Staph.beads.517,6
Staph.beads.995a,6
Staph.bead.85,6
Staph.beads.281,6
Sta.aur.bead.4,6
Staph.bead.205,6
marc.bacteremia.437.a,6
marc.bacteremia.2051.a,6
marc.bacteremia.1114.a,6
marc.bacteremia.1112.a,6
marc.bacteremia.1110.a,6
marc.bacteremia.925.a,6
marc.bacteremia.894.a,6
marc.bacteremia.913.a,6
Staph.beads.965a,6
Staph.beads.890a,6
Staph.beads.668,6
Staph.beads.920a,6
marc.bacteremia.2223,6
marc.bacteremia.2210,6
marc.bacteremia.2217,6
Staph.bead.203,6
Staph.bead.211,6
marc.bacteremia.1253.a,6
Staph.bead.823a,6
Staph.beads.982a,6
Staph.beads.963a,6
Staph.beads.964a,6
Staph.beads.954a,6
Path_Reg_41,6
marc.bacteremia.466.a,6
Staph.beads.921a,6
Staph.beads.649,6
Staph.beads.636,6
marc.bacteremia.2012.a,6
Staph.beads.286,7
Staph.beads.288,7
Staph.beads.564,7
Staph.beads.868a,8
marc.bacteremia.1281.a,8
marc.bacteremia.1279.a,8
marc.bacteremia.445.a,8
marc.bacteremia.457.a,8
marc.bacteremia.738.a,8
marc.bacteremia.728.a,8
marc.bacteremia.2140,8
marc.bacteremia.2151,8
Staph.beads.971a,8
Staph.beads.943a,8
Staph.beads.906a,8
Staph.beads.312,8
Sta.aur.bead.19,9
marc.bacteremia.4.a,9
Staph.beads.527,9
Staph.beads.538,9
Staph.bead.789a,9
Staph.bead.845a,9
Staph.beads.557,9
Sta.aur.bead.27,9
Sta.aur.bead.16,9
Sta.aur.bead.58,9
Sta.aur.bead.37,9
Staph.beads.992a,9
marc.bacteremia.975.a,9
marc.bacteremia.985.a,9
marc.bacteremia.487.a,9
Staph.bead.174,9
marc.bacteremia.874.a,9
Staph.beads.297,9
Path_Reg_23,9
Staph.bead.830a,9
Staph.bead.807a,9
Staph.bead.836a,9
marc.bacteremia.810.a,9
Staph.beads.593,9
Staph.beads.516,9
Staph.beads.489,9
Staph.beads.497,9
Staph.beads.446,9
Staph.beads.349,9
Staph.beads.654,9
marc.bacteremia.875.a,10
marc.bacteremia.1174.a,11
marc.bacteremia.1187.a,11
Staph.beads.415,12
Staph.bead.155,12
Staph.beads.366,12
Staph.bead.206,12
Staph.beads.414,12
Staph.bead.142,12
marc.bacteremia.659.a,12
marc.bacteremia.672.a,12
Staph.bead.42,12
Staph.bead.764a,12
Staph.bead.41,12
Staph.bead.822a,12
Staph.bead.765a,12
Staph.beads.608,12
marc.bacteremia.1049.a,12
marc.bacteremia.1038.a,12
marc.bacteremia.1042.a,12
marc.bacteremia.1233.a,12
marc.bacteremia.1229.a,12
Path_Reg_25,12
Path_Reg_29,12
Staph.beads.474,12
marc.bacteremia.1732.a,12
marc.bacteremia.1733.a,12
marc.bacteremia.1741.a,12
Staph.beads.559,12
Staph.beads.479,12
Sta.aur.bead.30,12
Sta.aur.bead.64,12
Staph.bead.74,12
Staph.beads.911a,12
Staph.beads.341,12
Staph.beads.448,12
Staph.beads.273,12
Staph.beads.452,12
Staph.bead.241,12
Staph.beads.274,12
Staph.beads.311,12
Staph.bead.189,12
Staph.beads.310,12
Staph.beads.396,12
Staph.bead.197,12
Staph.beads.352,12
Staph.beads.351,12
Staph.bead.141,12
Staph.bead.232,12
Staph.bead.158,12
Staph.beads.386,12
Staph.beads.335,12
Staph.beads.361,12
Staph.beads.272,12
Path_Reg_38,12
Path_Reg_69,12
Staph.beads.881a,12
Staph.beads.870a,12
Staph.bead.198,12
Staph.beads.378,12
Staph.beads.319,12
Staph.beads.987a,12
Staph.beads.707,12
Staph.beads.706,12
Staph.beads.659,12
Staph.beads.652,12
Staph.bead.78,12
Staph.beads.637,12
Staph.beads.648,12
Path_Reg_56,12
Path_Reg_53,13
Path_Reg_59,13
Path_Reg_45,13
Sta.aur.bead.28,13
marc.bacteremia.972.a,13
marc.bacteremia.993.a,13
Staph.bead.856a,13
Staph.beads.734,13
marc.bacteremia.1134.a,13
marc.bacteremia.1115.a,13
Staph.bead.175,13
Staph.beads.647,13
Staph.beads.598,13
Staph.beads.726,13
Staph.beads.434,13
Staph.beads.529,13
Staph.bead.43,13
Staph.bead.44,13
Staph.bead.97,13
Staph.bead.37,13
marc.bacteremia.793.a,13
Staph.beads.504,13
Staph.beads.973a,13
marc.bacteremia.1178.a,13
Staph.beads.490,13
Staph.beads.373,13
marc.bacteremia.1981.a,13
marc.bacteremia.1977.a,13
Staph.bead.814a,13
Staph.bead.769a,13
Staph.beads.699,13
marc.bacteremia.590.a,13
Staph.bead.842a,13
Staph.bead.799a,13
Staph.bead.803a,13
marc.bacteremia.1389.a,13
Staph.bead.104,13
Staph.bead.31,14
Staph.bead.110,14
Staph.beads.916a,14
Staph.beads.994a,14
Staph.beads.998a,14
Staph.beads.932a,14
Staph.beads.938a,14
Staph.bead.18,14
Staph.bead.152,15
Staph.beads.372,15
Staph.beads.303,15
Staph.bead.217,15
Staph.beads.358,15
marc.bacteremia.1358.a,15
Staph.bead.156,15
Staph.beads.883a,15
Staph.bead.853a,15
marc.bacteremia.1359.a,15
marc.bacteremia.1355.a,15
marc.bacteremia.1289.a,15
marc.bacteremia.1285.a,15
marc.bacteremia.1293.a,15
marc.bacteremia.1288.a,15
marc.bacteremia.1283.a,15
marc.bacteremia.1291.a,15
Staph.beads.406,15
Staph.beads.421,15
Staph.beads.422,15
Staph.beads.413,15
Sta.aur.bead.47,15
marc.bacteremia.1090.a,16
Staph.beads.974a,16
marc.bacteremia.822.a,16
marc.bacteremia.814.a,16
Staph.bead.200,17
marc.bacteremia.548.a,18
marc.bacteremia.1383.a,18
Staph.bead.176,19
Staph.beads.955a,19
Staph.bead.133,19
Staph.bead.6,19
Staph.bead.131,19
Path_Reg_32,19
Sta.aur.bead.43,19
Staph.beads.447,19
Staph.beads.515,19
Staph.beads.977a,19
Staph.bead.226,19
Staph.bead.55,19
Staph.bead.61,19
Staph.beads.262,19
Staph.bead.92,19
Sta.aur.bead.21,19
Staph.bead.185,19
Staph.bead.76,19
Staph.bead.75,19
Staph.bead.134,19
Staph.bead.861a,19
Staph.bead.772a,19
marc.bacteremia.2077,19
marc.bacteremia.2093,19
Staph.beads.908a,19
Staph.bead.832a,19
Staph.beads.876a,19
Staph.beads.665,19
marc.bacteremia.2074,19
Staph.beads.671,19
Staph.beads.670,19
Staph.beads.680,19
Staph.beads.681,19
Staph.bead.777a,19
Staph.beads.562,19
Staph.beads.594,19
Sta.aur.bead.12,19
Staph.beads.389,19
Staph.beads.926a,19
Staph.beads.398,19
Staph.beads.339,19
Staph.bead.160,19
Staph.bead.159,19
Staph.beads.689,19
Staph.beads.546,19
Staph.beads.692,19
Staph.beads.676,19
Staph.beads.919a,19
Staph.beads.873a,19
Staph.beads.602,19
Sta.aur.bead.42,19
marc.bacteremia.1927.a,19
marc.bacteremia.1915.a,19
marc.bacteremia.1911.a,19
marc.bacteremia.1928.a,19
marc.bacteremia.1897.a,19
marc.bacteremia.1913.a,19
marc.bacteremia.1920.a,19
marc.bacteremia.1907.a,19
marc.bacteremia.1930.a,19
marc.bacteremia.1922.a,19
marc.bacteremia.1908.a,19
marc.bacteremia.1912.a,19
marc.bacteremia.1925.a,19
Staph.beads.395,19
Staph.beads.394,19
Staph.bead.243,19
Staph.beads.451,19
Staph.beads.980a,19
Staph.bead.51,19
Staph.bead.49,19
Staph.beads.985a,19
Staph.beads.923a,19
Staph.beads.553,19
Staph.beads.882a,19
Staph.bead.230,19
marc.bacteremia.512.a,19
marc.bacteremia.526.a,19
Path_Reg_67,19
marc.bacteremia.754.a,19
marc.bacteremia.752.a,19
Staph.beads.888a,19
marc.bacteremia.1357.a,19
marc.bacteremia.734.a,19
Staph.bead.864a,19
Staph.beads.962a,19
Staph.beads.986a,19
marc.bacteremia.1730.a,19
Staph.beads.650,19
Staph.beads.468,19
s.52.ori.yellow,19
Staph.beads.267,19
Staph.beads.914a,19
Path_Reg_62,19
Staph.bead.215,19
Staph.bead.213,19
Staph.beads.547,19
Staph.bead.117,19
marc.bacteremia.1347.a,19
Staph.beads.886a,19
marc.bacteremia.733.a,19
marc.bacteremia.760.a,19
marc.bacteremia.616.a,19
marc.bacteremia.917.a,19
marc.bacteremia.614.a,19
s.52.SACA.pink.2,19
marc.bacteremia.319.a,19
marc.bacteremia.309.a,19
marc.bacteremia.338.a,19
marc.bacteremia.333.a,19
marc.bacteremia.331.a,19
Staph.beads.991a,19
Staph.beads.903a,19
Staph.beads.867a,19
Staph.beads.481,19
Staph.beads.484,19
marc.bacteremia.234.a,19
marc.bacteremia.195.a,19
marc.bacteremia.632.a,19
marc.bacteremia.602.a,19
Staph.beads.391,19
Staph.beads.545,19
Staph.beads.961a,19
Staph.beads.953a,19
marc.bacteremia.762.a,19
marc.bacteremia.1152.a,19
Staph.beads.949a,19
marc.bacteremia.899.a,19
marc.bacteremia.896.a,19
Staph.bead.115,19
Staph.bead.66,19
Staph.bead.79,19
Staph.bead.116,19
Staph.bead.63,19
marc.bacteremia.360.a,19
marc.bacteremia.366.a,19
marc.bacteremia.353.a,19
Staph.beads.381,19
Staph.beads.248,19
Staph.bead.151,19
Staph.bead.4,19
Staph.beads.340,19
Staph.beads.321,19
Sta.aur.bead.1,19
Staph.bead.9,19
Staph.bead.1,19
marc.bacteremia.1950.a,19
marc.bacteremia.1946.a,19
marc.bacteremia.1945.a,19
Staph.beads.573,19
marc.bacteremia.55.a,19
marc.bacteremia.49.a,19
marc.bacteremia.61.a,19
marc.bacteremia.59.a,19
marc.bacteremia.66.a,19
marc.bacteremia.48.a,19
marc.bacteremia.54.a,19
marc.bacteremia.43.a,19
marc.bacteremia.477.a,19
marc.bacteremia.2264,19
marc.bacteremia.2269,19
marc.bacteremia.2271,19
marc.bacteremia.1768.a,19
marc.bacteremia.1789.a,19
marc.bacteremia.1793.a,19
marc.bacteremia.1797.a,19
marc.bacteremia.1832.a,19
marc.bacteremia.1776.a,19
marc.bacteremia.1800.a,19
marc.bacteremia.1781.a,19
marc.bacteremia.1794.a,19
marc.bacteremia.281.a,19
marc.bacteremia.250.a,19
marc.bacteremia.270.a,19
Staph.bead.2,19
Staph.beads.302,19
Staph.beads.305,19
Staph.beads.458,19
Staph.beads.519,19
Staph.beads.284,19
marc.bacteremia.244.a,19
marc.bacteremia.243.a,19
Staph.bead.3,19
marc.bacteremia.246.a,19
Staph.bead.122,19
Staph.beads.424,19
Staph.beads.346,19
Staph.bead.132,19
Staph.bead.123,19
Staph.bead.119,19
marc.bacteremia.257.a,19
Staph.beads.275,19
Staph.bead.234,19
Staph.bead.167,19
Staph.bead.7,19
Staph.beads.334,19
Staph.bead.140,19
Staph.beads.276,19
Staph.bead.168,19
Staph.bead.237,19
Staph.bead.10,19
marc.bacteremia.241.a,19
Staph.bead.8,19
Staph.bead.120,19
Staph.bead.207,19
Staph.bead.52,19
Staph.bead.146,19
marc.bacteremia.1096.a,19
marc.bacteremia.1091.a,19
marc.bacteremia.1092.a,19
Staph.beads.266,19
Staph.beads.382,19
Staph.beads.610,19
Staph.beads.493,19
Staph.beads.355,19
Staph.beads.265,19
Staph.beads.510,19
Staph.beads.399,19
Staph.beads.397,19
marc.bacteremia.1259.a,20
marc.bacteremia.1267.a,20
marc.bacteremia.1268.a,20
marc.bacteremia.2096,20
marc.bacteremia.2073,20
Staph.beads.613,20
Staph.beads.708,20
Staph.beads.687,20
Staph.bead.782a,20
Staph.beads.464,20
Staph.beads.503,20
Staph.beads.944a,20
Sta.aur.bead.68,20
marc.bacteremia.188.a,20
marc.bacteremia.658.a,20
marc.bacteremia.697.a,20
marc.bacteremia.682.a,20
marc.bacteremia.680.a,20
marc.bacteremia.693.a,20
marc.bacteremia.684.a,20
marc.bacteremia.249.a,20
marc.bacteremia.498.a,20
marc.bacteremia.495.a,20
marc.bacteremia.260.a,20
Staph.bead.39,20
Staph.beads.363,20
Staph.beads.364,20
Staph.beads.618,20
Staph.beads.585,20
marc.bacteremia.1834.a,20
marc.bacteremia.1840.a,20
marc.bacteremia.1823.a,20
marc.bacteremia.1821.a,20
marc.bacteremia.1813.a,20
marc.bacteremia.2277,20
marc.bacteremia.2272,20
marc.bacteremia.2282,20
marc.bacteremia.2270,20
marc.bacteremia.2275,20
marc.bacteremia.2283,20
s.208.saca.pink.1,20
s.208.saca.pink.3,20
s.208.saca.pink.2,20
s.208.ori.white,20
Staph.bead.766a,21
marc.bacteremia.1298.a,21
Staph.beads.579,21
marc.bacteremia.1297.a,21
marc.bacteremia.1308.a,21
Staph.beads.388,21
marc.bacteremia.666.a,22
Staph.beads.972a,23
Staph.beads.930a,23
Staph.beads.893a,23
Staph.beads.889a,23
Staph.bead.815a,23
Staph.bead.738a,23
Staph.beads.913a,23
Staph.bead.837a,23
marc.bacteremia.2069,24
marc.bacteremia.2089,24
marc.bacteremia.2060,24
marc.bacteremia.2099,24
marc.bacteremia.2059,24
marc.bacteremia.2058,24
Staph.bead.246,24
Staph.beads.933a,24
Staph.beads.887a,24
Staph.beads.984a,24
Sta.aur.bead.59,24
Staph.beads.675,24
marc.bacteremia.206.a,24
marc.bacteremia.217.a,24
marc.bacteremia.203.a,24
marc.bacteremia.202.a,24
marc.bacteremia.218.a,24
marc.bacteremia.204.a,24
Staph.beads.895a,24
Staph.beads.727,24
Staph.beads.465,24
Staph.beads.327,24
Staph.beads.494,24
Staph.beads.495,24
marc.bacteremia.275.a,24
marc.bacteremia.267.a,24
marc.bacteremia.261.a,24
Staph.beads.603,24
Staph.beads.902a,24
Staph.beads.449,24
Staph.beads.483,24
Staph.beads.641,24
Staph.beads.645,24
Staph.beads.316,24
marc.bacteremia.873.a,24
Staph.beads.418,24
Staph.beads.411,24
marc.bacteremia.882.a,24
Staph.beads.583,24
Sta.aur.bead.7,24
Staph.bead.16,24
Staph.bead.150,24
Staph.bead.149,24
Staph.beads.370,24
Staph.beads.332,24
Staph.bead.24,24
Staph.beads.317,24
marc.bacteremia.560.a,24
marc.bacteremia.547.a,24
marc.bacteremia.545.a,24
Staph.beads.956a,24
Staph.beads.626,24
Staph.beads.625,24
Staph.beads.628,24
Staph.beads.697,24
Staph.beads.698,24
Staph.bead.162,24
marc.bacteremia.988.a,24
marc.bacteremia.989.a,24
marc.bacteremia.973.a,24
Path_Reg_47,24
Sta.aur.bead.46,24
Staph.bead.81,24
Sta.aur.bead.70,24
Staph.bead.59,24
marc.bacteremia.1327.a,24
marc.bacteremia.2157,24
marc.bacteremia.2158,24
marc.bacteremia.1228.a,24
marc.bacteremia.1235.a,24
Staph.bead.182,24
Staph.beads.257,24
Staph.beads.304,24
Staph.bead.233,24
Staph.beads.292,24
Staph.bead.223,24
Staph.beads.375,24
Staph.beads.910a,24
marc.bacteremia.1956.a,24
marc.bacteremia.1960.a,24
marc.bacteremia.2181,24
marc.bacteremia.2182,24
Staph.bead.804a,24
Staph.beads.945a,24
s.69.SACA.pink.1,24
s.69.SACA.pink.2,24
s.69.ori.yellow,24
Staph.bead.147,24
marc.bacteremia.375.a,24
marc.bacteremia.383.a,24
marc.bacteremia.438.a,24
marc.bacteremia.436.a,24
marc.bacteremia.439.a,24
marc.bacteremia.1252.a,24
marc.bacteremia.1031.a,25
marc.bacteremia.1030.a,25
marc.bacteremia.1028.a,25
marc.bacteremia.1029.a,25
marc.bacteremia.296.a,26
marc.bacteremia.323.a,26
marc.bacteremia.316.a,26
marc.bacteremia.307.a,26
marc.bacteremia.299.a,26
marc.bacteremia.300.a,26
marc.bacteremia.320.a,26
marc.bacteremia.322.a,26
marc.bacteremia.297.a,26
marc.bacteremia.302.a,26
marc.bacteremia.298.a,26
marc.bacteremia.317.a,26
Sta.aur.bead.25,26
Staph.beads.531,26
Staph.beads.524,26
Staph.beads.444,26
Staph.beads.329,26
Staph.beads.324,26
Staph.beads.462,26
Staph.bead.188,26
Staph.beads.428,26
Staph.beads.461,26
Staph.beads.624,26
Staph.beads.404,26
Staph.bead.62,26
Staph.beads.694,26
Staph.beads.678,26
marc.bacteremia.2194,26
marc.bacteremia.264.a,26
Staph.beads.322,26
Path_Reg_50,26
Staph.bead.99,26
marc.bacteremia.675.a,26
marc.bacteremia.699.a,26
Staph.bead.35,26
Staph.bead.105,26
marc.bacteremia.238.a,26
Staph.beads.298,26
Staph.beads.306,26
Staph.beads.256,26
Staph.beads.301,26
Staph.beads.453,26
Staph.beads.402,26
Staph.beads.420,26
marc.bacteremia.265.a,26
Staph.bead.36,26
Staph.bead.238,26
Staph.bead.216,26
Staph.bead.231,26
Staph.beads.323,26
Staph.bead.13,26
Sta.aur.bead.31,26
Sta.aur.bead.11,26
Staph.bead.114,26
Staph.bead.113,26
Staph.bead.166,26
Staph.bead.154,26
Staph.beads.563,26
Staph.beads.456,26
Staph.beads.426,26
Staph.beads.435,26
Staph.bead.27,27
Staph.bead.83,27
Staph.bead.33,27
Staph.beads.731,27
Staph.beads.615,27
Staph.beads.635,27
Staph.beads.732,27
Staph.bead.34,27
Staph.bead.14,27
Staph.bead.80,27
Staph.beads.607,27
Sta.aur.bead.8,27
Staph.bead.144,27
marc.bacteremia.586.a,27
marc.bacteremia.585.a,27
Staph.beads.905a,27
Staph.bead.86,27
Staph.bead.244,28
